timestamp_ns,velocidad_ms,aceleracion_long_m_s2,freno_activo,velocidad_promedio_5s,aceleracion_promedio_5s
60000000000,3.965378354254311,0.0,True,3.965378354254311,0.0
60400000000,3.8488754968983017,-0.2912571433900235,True,3.907126925576306,-0.14562857169501175
60800000000,3.9951141811874304,0.36559671072282196,False,3.9364560107800144,0.024779855777599485
62100000000,5.491129323533177,1.1507808787274973,False,4.325124338968305,0.30628011151507395
74400000000,5.324828377737478,-0.013520402097211316,True,4.52506514672214,0.2423200087926169
78200000000,5.154099688363351,-0.04492860246687556,False,4.629904236995675,0.19444524024936816
78500000000,4.997086067662558,-0.5233787356693103,False,4.6823587842338,0.09189895797527124
78600000000,4.862133871009509,-1.349521966530487,False,4.7048306700807645,-0.08827865758794853
78800000000,4.768623950898529,-0.4675496005549018,False,4.71191881239385,-0.13041987347316555
79000000000,4.771593647460734,0.014848482811027353,False,4.717886295900538,-0.11589303784474628
79100000000,4.983345918248492,2.1175227078775816,False,4.742018988841261,0.0871447572209199
79200000000,5.695539124954655,7.121932067061625,False,4.821479000184044,0.6733770330409786
83500000000,5.54076213379244,-0.035994649107491755,True,4.876808472000074,0.6188099805680195
84900000000,5.393764861388167,-0.10499805171733799,True,4.9137339283849375,0.567109406833351
89900000000,5.223777492016885,-0.033997473874256376,True,4.934403499293735,0.5270356147861771
92700000000,5.063101649137393,-0.05738422959981853,True,4.9424471336589635,0.49050937451205245
98900000000,4.907059064364591,-0.0251681588343229,True,4.940365482524,0.46017540196226564
100600000000,4.962384451569823,0.032544345414842454,True,4.9415887585821014,0.4364181210429644
105800000000,4.863850749888562,-0.01894878878485794,False,4.937497284440337,0.4124514415783422
110200000000,4.7368036832011775,-0.02887433333804196,True,4.927462604378379,0.39038515283252295
110400000000,4.621102017516941,-0.5785083284211812,True,4.912874005004024,0.344247368010918
111400000000,4.531913587433758,-0.08918843008318333,False,4.8955576223871935,0.32454574082482246
112100000000,4.643672396979053,0.15965544220756406,False,4.88460609084771,0.31737659740668084
114100000000,4.549111155542912,-0.04728062071807049,False,4.87062713521001,0.30218254665148286
116100000000,4.40850139538193,-0.07030488008049085,False,4.8521421056168865,0.28728304958220385
116200000000,4.277112143763949,-1.313892516179811,False,4.830025568622543,0.22569937397597253
116300000000,4.161536911262334,-1.1557523250161506,False,4.805266729461054,0.17453449623552353
116400000000,4.074962519271481,-0.8657439199085282,False,4.779184436239997,0.13738169565895025
116600000000,4.05281279167324,-0.11074863799120482,False,4.7541371381514885,0.12882547725722077
116800000000,4.149206991208964,0.48197099767862017,False,4.733972799920071,0.14059699460460076
116900000000,4.515753662622288,3.6654667141332364,False,4.726933472910465,0.25430246942810514
117200000000,5.581701497618017,3.5531594499857633,False,4.753644973682576,0.3573917500705319
119000000000,5.409659667394054,-0.0955787945688681,True,4.773524206825348,0.34366536992994406
120200000000,6.157271879480553,0.623010176738749,True,4.814222667785795,0.3518813936596148
124900000000,6.206306459863487,0.010432889443177532,False,4.853996490416587,0.34212572211057374
125300000000,6.027529126332589,-0.4469433338272455,True,4.886594619192031,0.3202071372234121
126000000000,6.097825948520492,0.10042403169700367,True,4.919330601065773,0.31426705329026594
126500000000,5.922655977425068,-0.35033994219084796,True,4.945733900443649,0.29677739551444715
127000000000,5.99616271848747,0.14701348212480525,True,4.972667972701183,0.292937295171123
137100000000,5.815573313979018,-0.01788013906024277,True,4.993740606233129,0.2851668593153388
137400000000,5.876816990141501,0.20414558720827536,True,5.015279054621138,0.2831907307273617
137800000000,5.704198609144055,-0.43154595249361494,True,5.031681901157398,0.26617319065067174
143300000000,5.555179049880755,-0.027094465320599944,True,5.04385625345329,0.25935301260482824
143600000000,5.441841856881764,-0.3777906433299716,True,5.052901380803937,0.24487247496994644
144500000000,5.336703195581683,-0.11682073477786739,True,5.059208087798998,0.23683484808666166
145900000000,6.211919800584986,0.6251547178595018,True,5.084267038076955,0.24527658438607122
148200000000,6.023271238113637,-0.08202111411797793,False,5.104245850843693,0.23831280356683615
148300000000,5.847509116283736,-1.7576212182990059,False,5.119730502207027,0.19673084477796443
148600000000,5.693287646351608,-0.5140715664404283,False,5.131435750046712,0.1822246731204462
148900000000,5.580434020625698,-0.3761787524196988,False,5.140415715458292,0.17105660460964334
149100000000,5.563166484978403,-0.08633767823647442,False,5.172371478072773,0.16932985104491383
149200000000,5.754880396092967,1.9171391111456426,False,5.210491576056667,0.21349777613562715
149300000000,6.398804071007393,6.439236749144257,False,5.258565373853067,0.33497057690405585
152400000000,6.2043621550856205,-0.06272319868444275,True,5.272830030484115,0.310700495355817
153500000000,6.260459494608488,0.050997581384425346,False,5.291542652821536,0.31199085502544976
153900000000,6.314855651716219,0.13599039276932734,False,5.314757772088592,0.31560923493017384
154200000000,6.367554930593781,0.17566426292520515,False,5.342167149347217,0.3295900949020642
154800000000,6.418608211627376,0.08508880172265847,False,5.373296636159575,0.3582823102671271
155100000000,6.468070924680855,0.16487571017826497,False,5.40728557563522,0.3709308164817904
155500000000,6.515990436917815,0.11979878059239946,True,5.442173511424363,0.3730298224374178
155600000000,6.562418791191901,0.46428354274086203,False,5.47375496888323,0.33996503913468346
156000000000,6.607400091759981,0.11245325142019924,False,5.491992188219337,0.19977546282185493
156300000000,6.484813529253971,-0.4086218750200329,False,5.510873216128568,0.1923229183036041
157800000000,6.532213947541619,0.03160027885843183,False,5.533642197851637,0.19505488491511946
158000000000,6.578128965032708,0.22957508745544697,False,5.560729227311953,0.20032633614171355
158600000000,6.62261790853431,0.074148239169336,False,5.591919552499892,0.20295698551709665
159500000000,6.665722613949972,0.04789411712851373,False,5.6270928234916,0.2044182310363534
159700000000,6.707483564756305,0.20880475403166177,False,5.661994805755329,0.2079434392086898
164300000000,6.747946171221147,0.008796218796704907,False,5.699676714181981,0.20849833936032106
167200000000,6.541728685748439,-0.07110947774920963,True,5.735775214232927,0.20765363647209767
169800000000,6.58727561724068,0.017518050573938668,False,5.7750986862274,0.21957416405200006
169900000000,6.631391238970204,0.44115621729524435,False,5.81708823925813,0.23018105699956862
170200000000,6.674114257060265,0.1424100603002021,False,5.857697076459754,0.22983614936142138
170400000000,6.715488369733096,0.20687056336415655,False,5.901024620743558,0.23491917304306592
170600000000,6.755540307370388,0.20025968818645712,False,5.947965398983327,0.24033046440840486
170800000000,6.794320862033907,0.19390277331759798,True,5.998309573348726,0.27048637019835303
175600000000,6.589412138398269,-0.04268931742409129,True,6.046867077891444,0.29274763035019424
176200000000,6.387926255802259,-0.33580980432668406,False,6.093126352622059,0.30334631266183115
176300000000,6.1927582649574,-1.9516799084485914,False,6.135925262087743,0.2665276872526834
176500000000,6.008522294410463,-0.9211798527346815,False,6.173111568151773,0.23846467024441736
176600000000,5.841460430828243,-1.670618635822203,False,6.199625703515892,0.1317429632453086
176700000000,5.706128019491472,-1.3533241133677087,False,6.2021142339533615,0.03361329197823915
176900000000,5.624719615538608,-0.40704201976431875,False,6.206415432916252,0.02738402747433014
177000000000,5.685935564038749,0.6121594850014045,False,6.196988706607416,0.027167013639583244
177100000000,6.005701008712294,3.197654446735454,False,6.192976597584393,0.09091144478542876
177200000000,7.004425861914456,9.987248532021615,False,6.21251453229603,0.299595282102406
177600000000,6.790025011659833,-0.5360021256365566,True,6.226358513558816,0.28686675895573477
180400000000,7.043522024257564,0.09053464735633257,True,6.248775834495467,0.29568425074667837
186600000000,7.683177566290679,0.1031702487150185,True,6.282516131451531,0.2948073860784826
188300000000,7.680033493705101,-0.0018494544621048532,True,6.319805335046052,0.2951279997704454
189100000000,7.448671974724816,-0.2892018987253564,False,6.351242434737719,0.28526105005177277
191000000000,7.227005758907373,-0.11666642937760155,True,6.381698577732985,0.2915586405140931
198000000000,7.052346223562163,-0.024951362192172866,False,6.411641921206613,0.2916015025766616
198600000000,6.957618988849908,-0.1578787245204246,True,6.441957463845975,0.29599974095285253
201800000000,6.745799999875623,-0.06619343405446398,True,6.470139399931855,0.29701228696732057
203500000000,7.132650056401369,0.22755885677985047,True,6.488554005048183,0.2890603697457276
208900000000,6.963126708038598,-0.03139321265977231,False,6.507351114446681,0.2900729277748917
211000000000,6.752050449784215,-0.10051250393065879,False,6.525441941116692,0.3232151020622586
211100000000,6.547625694116667,-2.044247556675476,False,6.5425287020719916,0.2926115822575576
211300000000,6.356774268450291,-0.9542571283318813,False,6.5580555070284845,0.281050014739314
211700000000,6.223279973654249,-0.33373573699010617,False,6.5712577768020015,0.2761020535642414
212100000000,6.184721453344439,-0.09639630077452388,False,6.5798545979470315,0.23583134532583805
212200000000,6.357201846520181,1.7248039317574193,False,6.579022553457287,0.1415426889781013
212500000000,6.993198812226594,2.1199898856880437,False,6.594799286600106,0.185196950665551
213300000000,6.830704107176193,-0.20311838131300108,False,6.60620417885146,0.1801146314116025
213500000000,6.647683158161087,-0.9151047450755323,True,6.612860728980358,0.15909272865470533
215700000000,7.088263616878981,0.20026384487177024,True,6.627274902706062,0.15958472029363663
239000000000,6.89645531228991,-0.008232116076784174,True,6.636831844719312,0.15771830193764777
243500000000,6.842842156861029,-0.011914034539751286,False,6.644327269362916,0.15418250704328745
244500000000,6.642426371582584,-0.2004157852784454,True,6.6468559880562115,0.14777821572587058
245100000000,6.550086774653874,-0.15389932821451663,True,6.64660934772545,0.13541455830676297
249600000000,7.051318959924133,0.11138493006005766,True,6.655487725088734,0.13539319187956014
253000000000,6.840363533550323,-0.06204571363935596,False,6.662598725174661,0.14232471510717368
253100000000,6.63613459400238,-2.042289395479431,False,6.664677138103876,0.10084692162041643
253300000000,6.449685007989172,-0.9322479300660413,False,6.662108258963006,0.07761046126998666
253400000000,6.549701623675746,1.0001661568657472,False,6.660649933265834,0.09613081962391488
253600000000,6.392154146379516,-0.787737386481151,False,6.655178563914425,0.0794181895517216
253800000000,6.299701213924563,-0.46226466227476504,False,6.6470229168977895,0.06599680122559305
254100000000,6.322409245943604,0.07569344006346827,False,6.638512178392238,0.06733474565092833
254200000000,6.682490307666728,3.600810617231245,False,6.6413274108306055,0.1407731475505374
254300000000,7.668749681923697,9.86259374256969,False,6.6629568921242655,0.3376746613904524
255200000000,7.4383853704056,-0.25596034613121926,True,6.679096774752972,0.32373233012192315
265300000000,7.300956049071928,-0.013606863498383337,True,6.691633610593207,0.3206119916459515
267200000000,7.077110828499974,-0.11781327398523912,True,6.698866059768543,0.3141183148989636
270500000000,7.402775556530981,0.09868628122151747,True,6.711810764751755,0.31208684675966475
275200000000,7.176409340623525,-0.04816302466116085,True,6.719452534323548,0.30724553080008954
276400000000,7.231620172584277,0.04600902663395967,True,6.732296695007269,0.3090194976812506
278200000000,7.261853781386184,0.016796449334392567,True,6.749775245518947,0.31607162275447215
279700000000,7.05251625094368,-0.13955835362833588,True,6.7669704052386725,0.35231405385087716
280100000000,6.83857646859419,-0.5348494558737249,False,6.783571488722347,0.36004066178809635
280200000000,6.638577118789853,-1.9999934980433665,False,6.799513822481579,0.35345316454367315
280300000000,6.444937360722045,-1.9363975806780864,False,6.81429000930619,0.3417916951974656
280500000000,6.272804992791033,-0.8606618396550569,False,6.827251716851239,0.3327192987996508
280600000000,6.139719962698852,-1.3308503009218153,False,6.836327404824441,0.29385910308118635
280800000000,6.098805634296557,-0.20457164201147293,False,6.838189497336126,0.22581458130624782
280900000000,6.253616854291237,1.5481121999467984,False,6.823173317183662,0.05703185466475153
281000000000,6.886989917700661,6.333730634094241,False,6.825112615304479,0.1944265098593675
282100000000,8.095518994336091,1.0986627969412999,True,6.846152554706049,0.21458907285106682
283000000000,8.401149790251242,0.3395897732390571,True,6.86051199918526,0.21931746334154759
283200000000,8.253247652162072,-0.7395106904458526,True,6.8719762823543995,0.20456423862187265
284500000000,8.202334665519635,-0.03916383587879798,False,6.887049536170296,0.2095649998788038
292600000000,8.26808333437125,0.00811711961131051,True,6.907871087679574,0.21206067085858205
294000000000,8.017809791904142,-0.17876681604793404,False,6.927180359046414,0.20898436178146684
296900000000,7.826116691147757,-0.06610106922633978,False,6.94455031309237,0.21081991488734853
297600000000,7.617851466331634,-0.29752174973731854,True,6.9619913424214905,0.20619334857369143
297700000000,7.436662664810282,-1.8118880152135208,False,6.968071594589669,0.165404411133824
298000000000,7.260139549994969,-0.5884103827177078,False,6.974011851428796,0.1542640677326653
298500000000,7.0886255757817365,-0.34302794842646556,False,6.980743353948746,0.14941375884274916
302300000000,6.973604438465688,-0.03026872034632863,True,6.9892629288357275,0.1896933355693321
309700000000,6.760213525386791,-0.028836609875526546,False,6.997331713974457,0.20820174593845917
309800000000,6.558361174123338,-2.0185235126345358,False,7.004033337983839,0.17450599042557058
309900000000,6.375351657648402,-1.830095164749359,False,7.007845942069918,0.1398320131460739
310000000000,6.198265956687361,-1.7708570096104115,False,7.004667224273262,0.06991879431871728
310200000000,6.04824782279564,-0.7500906694586007,False,6.985768204484642,0.012517183215784398
310300000000,5.9638271043485584,-0.8442071844708199,False,6.96843066442809,-0.0003045928473719783
310700000000,6.01998225983973,0.14038788872792862,False,6.955876646461662,0.02080525982869724
310800000000,6.326339673587049,3.063574137473193,False,6.940638167595823,0.0780714656807257
311000000000,7.324969025113795,4.9931467576337285,False,6.949208441852302,0.17809904315493597
314000000000,7.121820592119252,-0.06771614433151434,True,6.954788010557467,0.17698300095910072
317000000000,8.184365902183352,0.3541817700213666,True,6.985626801169482,0.18807495206509692
318100000000,7.965436354928261,-0.19902686114099116,True,7.013933792774969,0.18717240140656746
325300000000,7.721456900724132,-0.03388603530612914,True,7.0273365515909685,0.18426698209924372
329000000000,7.509559273409028,-0.057269629004082,True,7.040720466388143,0.1843625037919492
334300000000,8.037956960174583,0.09969767674821786,True,7.068756913711587,0.22720224523650218
335700000000,8.208676418278046,0.12194247007390199,True,7.103936741917365,0.24828605323930103
340200000000,7.959494604855156,-0.05537373631619778,True,7.132132601540953,0.2271752553756621
342400000000,7.727074047344919,-0.10564570795919839,True,7.15883099956026,0.24081708894610115
345100000000,7.492366343813019,-0.08692877908588907,False,7.18268430215803,0.24832380660987868
345200000000,7.272325857536256,-2.2004048627676287,False,7.201682634389884,0.20280184055325673
345500000000,7.075936794886285,-0.654630208833235,False,7.209551564134274,0.11769302403196717
345800000000,6.885863040385391,-0.6335791816696487,False,7.193893831303509,-0.09223043445281962
346000000000,6.7414483683868935,-0.7220733599924856,False,7.1799550912631345,-0.10155269473004493
346200000000,6.67571021676908,-0.32869075808906967,False,7.167450174617077,-0.10785437262185865
346400000000,6.841049110766418,0.8266944699866929,False,7.162728940262406,-0.08896421774242003
346600000000,7.396747647748906,2.778492684912437,False,7.162608382086765,-0.03536808966860163
356000000000,7.1826935859543095,-0.022771708701552772,True,7.16273406699338,-0.03486026334940946
356300000000,6.962639983584566,-0.733512007899145,True,7.157354463213386,-0.05045068404007155
361000000000,6.752221800756572,-0.044769826133615805,True,7.147161823600794,-0.05168200954943172
361200000000,7.511088509958903,3.7943335460116545,True,7.156333268781098,0.026995828443368088
361500000000,7.280834873712374,-0.7675121208217621,False,7.165178436883462,0.02234257514440734
363800000000,7.790898660627316,0.22176686387606168,True,7.188224867720212,0.0667777823827959
366300000000,8.922126009891217,0.45249093970556054,True,7.237768640703595,0.11455555279046883
371000000000,9.957774627110036,0.22035076962102518,True,7.311468033389975,0.1361758049759905
372900000000,9.878688559328433,-0.04162424620084356,True,7.386247405322567,0.16196032607040992
374400000000,9.57487935694633,-0.20253946825473554,False,7.455768879775561,0.16200096954554463
374500000000,9.285516380472496,-2.893629764738339,False,7.516406870299187,0.07316613025184192
374600000000,9.017925425874129,-2.675909545983668,False,7.559025580462657,-0.10702667334971626
374700000000,8.782939470026802,-2.349859558473266,False,7.572773989976471,-0.17599712045800758
374800000000,8.55585305461134,-2.2708641541546193,False,7.575868055263673,-0.2282061990058811
375000000000,8.392632082901018,-0.8161048585516095,False,7.578655743878452,-0.22973808236799623
375200000000,8.35753256617316,-0.17549758363928802,False,7.581759701891523,-0.23246475732320604
375300000000,8.613679757423627,2.5614719125046648,False,7.588671630352569,-0.18139766146533895
375400000000,9.56630503303802,9.52625275614393,False,7.619641535175247,0.012702729978498297
376300000000,9.277856465515748,-0.32049840835807963,False,7.6486763306626075,0.0076147831958635085
379100000000,10.350460440421816,0.38307284818073856,True,7.703328510144411,0.02122667515422465
379500000000,10.071821311745143,-0.6965978216916824,True,7.7560316830831075,0.043532479024661425
380700000000,10.14059518101116,0.05731155772167984,False,7.8136407957034315,0.05644691783344918
386400000000,9.835945479911754,-0.053447315982351855,False,7.868587193786031,0.06223853048233145
396000000000,9.538008256997813,-0.03103512738686883,True,7.919875270156674,0.062223202341520636
398000000000,9.247078827238688,-0.14546471487956225,False,7.969612576193713,0.059890640241439926
398100000000,8.972828024889267,-2.74250802349421,False,8.01790191320903,0.04541095002424644
398400000000,8.721939424814622,-0.8362953335821526,False,8.064833668552355,0.06528694664759056
398500000000,8.515586608863144,-2.063528159514778,False,8.11118008159587,0.05943352364950323
398600000000,8.316674729955944,-1.989118789072002,False,8.156548619739077,0.03465296125723521
398800000000,8.2134872744259,-0.5159372776502202,False,8.201541823140623,0.0412183593936472
399000000000,8.314229349871706,0.5037103772290319,False,8.247426764941263,0.04848480916366927
399100000000,8.86698944861121,5.527600987395047,False,8.298239760441747,0.09776534616210636
401000000000,8.604887107306874,-0.13794860068649284,True,8.323838122085608,-0.004856561004298066
404400000000,8.537358058366948,-0.01986148498233126,False,8.352148871410561,-0.003899467817314404
405400000000,8.293546768599933,-0.24381128976701483,True,8.354332488738892,-0.015859329013082034
416600000000,8.094001160674562,-0.01781657213619384,False,8.35690378485382,-0.012235123232986084
416700000000,8.095476531713928,0.014753710393655695,False,8.364384177473616,-0.011262328318990388
417300000000,7.900393574383328,-0.3251382622176665,False,8.372200863493102,-0.016619700983262077
418100000000,7.710897336685692,-0.23687029712204488,False,8.365659671023323,-0.02335106046066733
418400000000,7.526568020925518,-0.6144310525339118,False,8.352017503076274,-0.03807853091282361
418500000000,8.802453782762148,12.7588576183663,True,8.368876686634414,0.21820609618082634
418900000000,8.57952867710339,-0.5573127641468956,False,8.385925779229582,0.2091727550570724
419300000000,8.361597082107792,-0.5448289874889944,False,8.403310393995477,0.20001475088901033
425200000000,8.157013614482292,-0.03467516400432212,False,8.421004149134399,0.24332934486427643
427300000000,7.908540941548027,-0.1183203204448882,False,8.437656232067633,0.25405554263204333
431500000000,7.765381603066972,-0.034085556781203466,False,8.455246603321264,0.2660454151298123
433300000000,7.579113589183699,-0.10348222993515183,False,8.471999907737201,0.27841723773095894
436200000000,7.346963778517474,-0.08005165885042226,False,8.48542497897217,0.2833900197157319
436400000000,7.126930043058269,-1.1001686772960273,False,8.491142597618007,0.24485275677007748
436500000000,6.925912678563519,-2.0101736449474927,False,8.481725898234298,0.1490794301728789
436700000000,6.754958052085638,-0.8547731323894059,False,8.473171187556925,0.13243940169912183
437000000000,6.647142587427247,-0.3593848821946377,False,8.466861239633777,0.13992194421321197
437300000000,6.543794290349645,-0.34449432359200693,False,8.46269268942564,0.13392745426404418
437500000000,6.565707686460376,0.10956698055365699,False,8.44378507295567,0.060232122954884205
437900000000,6.8546133097117306,0.7222640581283857,False,8.435260641675658,0.09002764653388716
438000000000,7.843060898201463,9.884475884897324,False,8.436303886427138,0.28328182695431237
446000000000,7.654863677896081,-0.023524652538172708,False,8.410958639787237,0.2737615151094377
60000000000,26.196938691613905,0.0,True,26.196938691613905,0.0
60400000000,25.728594150869352,-0.29125714339002684,True,25.96276642124163,-0.14562857169501342
60800000000,26.143658197932744,0.3655967107228264,False,26.023063680138666,0.024779855777599853
62100000000,27.691206685581356,1.1507808787274953,False,26.44009943149934,0.3062801115150737
74400000000,26.30041828977206,-0.013520402097211172,True,26.412163203153888,0.24232000879261673
78200000000,26.749445901174543,-0.04492860246687532,False,26.468376986157327,0.19444524024936807
78500000000,27.01005405530633,-0.5233787356693161,False,26.545759424607184,0.09189895797527033
78600000000,25.941145221570945,-1.3495219665304958,False,26.470182649227656,-0.08827865758795045
78800000000,27.086708086768752,-0.4675496005548929,False,26.538685475621108,-0.13041987347316628
79000000000,27.00951718082154,0.01484848281101847,False,26.58576864614115,-0.1158930378447478
79100000000,26.520938715165958,2.1175227078775904,False,26.579875016052497,0.08714475722091931
79200000000,27.494757869663953,7.121932067061643,False,26.656115253853454,0.6733770330409796
83500000000,26.7352934191378,-0.03599464910749196,True,26.66220588195225,0.6188099805680203
84900000000,28.895314136350006,-0.10499805171733863,True,26.82171361440923,0.5671094068333518
89900000000,27.07512672961365,-0.0339974738742562,True,26.838607822089525,0.5270356147861779
92700000000,26.966603990097614,-0.05738422959981853,True,26.846607582590032,0.4905093745120531
98900000000,27.606890983460605,-0.0251681588343229,True,26.89133013558242,0.4601754019622663
100600000000,26.83377581196074,0.032544345414842975,True,26.888132673158992,0.436418121042965
105800000000,26.811744028893578,-0.018948788784858114,False,26.884112218197657,0.41245144157834274
110200000000,27.355356635620264,-0.028874333338042162,True,26.907674439068785,0.3903851528325235
110400000000,26.179513050151296,-0.57850832842119,True,26.87300008721557,0.3442473680109181
111400000000,25.713247337375044,-0.08918843008318333,False,26.82028405313191,0.32454574082482257
112100000000,27.321509210616863,0.15965544220756658,False,26.842076451283432,0.317376597406681
114100000000,27.222722221317508,-0.047280620718071376,False,26.857936691701514,0.302182546651483
116100000000,26.714077617493825,-0.0703048800804904,False,26.85218232873321,0.2872830495822041
116200000000,25.90053806059698,-1.3138925161797843,False,26.815580626112585,0.22569937397597373
116300000000,26.449000211529892,-1.1557523250161594,False,26.802003573720633,0.17453449623552436
116400000000,25.553878180422455,-0.8657439199085459,False,26.75742766681713,0.13738169565895042
116600000000,25.87331642369443,-0.11074863799120038,False,26.72694107222669,0.12882547725722107
116800000000,25.844265811566988,0.48197099767861573,False,26.697518563538033,0.1405969946046009
116900000000,26.238154998485133,3.6654667141332453,False,26.682700384020198,0.2543024694281056
117200000000,26.508473541982426,3.5531594499857633,False,26.677255795206516,0.35739175007053237
119000000000,26.719773145497353,-0.09557879456886909,True,26.678544199760783,0.34366536992994445
120200000000,27.531177083533603,0.6230101767387513,True,26.703621637518808,0.35188139365961524
124900000000,28.147713652954323,0.010432889443177343,False,26.744881409388395,0.3421257221105742
125300000000,28.122275992222058,-0.4469433338272477,True,26.783142370022663,0.32020713722341243
126000000000,27.924023061391843,0.10042403169700367,True,26.81397698330291,0.3142670532902662
126500000000,28.2905014328602,-0.35033994219084974,True,26.852832889870207,0.2967773955144474
127000000000,28.14460762181049,0.14701348212480525,True,26.885955318894315,0.2929372951711232
137100000000,26.831252167658942,-0.017880139060242505,True,26.88458774011343,0.2851668593153391
137400000000,27.60106229159368,0.20414558720826648,True,26.902062729173927,0.28319073072736173
137800000000,27.98745822241596,-0.4315459524936127,True,26.927905479013027,0.26617319065067185
143300000000,27.534756207486673,-0.027094465320599618,True,26.942018286651948,0.2593530126048283
143600000000,26.839594513606315,-0.37779064332996865,True,26.939690473628183,0.24487247496994657
144500000000,27.17069158319287,-0.11682073477786838,True,26.944823831618507,0.23683484808666183
145900000000,28.254142586942212,0.6251547178595018,True,26.973287282821197,0.2452765843860714
148200000000,27.683715114004677,-0.0820211141179783,False,26.98840276859106,0.2383128035668363
148300000000,28.292264111633862,-1.7576212182990147,False,27.01556654657112,0.1967308447779644
148600000000,28.079745278405383,-0.5140715664404283,False,27.037284479873858,0.18222467312044618
148900000000,28.057808016250533,-0.37617875241969284,False,27.05769495060139,0.17105660460964336
149100000000,27.793662136484354,-0.08633767823647887,False,27.089629419498795,0.1693298510449138
149200000000,27.474759526449958,1.9171391111456515,False,27.12455272701041,0.21349777613562737
149300000000,28.83214111702757,6.439236749144257,False,27.178322385392306,0.33497057690405596
152400000000,28.086347728493735,-0.0627231986844436,True,27.186225206250555,0.31070049535581723
153500000000,27.711098758527655,0.05099758138442857,False,27.214438815625666,0.31199085502545
153900000000,28.40701595859709,0.13599039276932068,False,27.24759021677412,0.3156092349301739
154200000000,27.417557625477833,0.17566426292520515,False,27.25574028817755,0.3295900949020643
154800000000,26.61632996917366,0.08508880172265995,False,27.2692439831296,0.3582823102671274
155100000000,27.97787265696067,0.16487571017826497,False,27.28706727453344,0.3709308164817906
155500000000,28.914211415558267,0.11979878059239724,True,27.325161159228177,0.37302982243741817
155600000000,27.504679757763473,0.4642835427408798,False,27.344835980080124,0.33996503913468396
156000000000,27.80909550771331,0.11245325142019702,False,27.35112273284111,0.19977546282185504
156300000000,28.394403106130436,-0.40862187502003877,False,27.384304926580967,0.1923229183036041
157800000000,28.829153236347494,0.031600278858434194,False,27.382981708580914,0.19505488491511955
158000000000,28.46537552017037,0.22957508745543365,False,27.41078668439205,0.20032633614171336
158600000000,29.01895085570333,0.074148239169336,False,27.451833621704168,0.20295698551709646
159500000000,28.092726800810148,0.04789411712851669,False,27.461550338051158,0.20441823103635326
159700000000,27.729010091822236,0.20880475403165732,False,27.479455023648384,0.20794343920868955
164300000000,28.79825536731104,0.008796218796704907,False,27.51918525041673,0.20849833936032078
167200000000,28.87058474199233,-0.07110947774921024,True,27.549489812544174,0.20765363647209745
169800000000,28.72397802713819,0.017518050573938328,False,27.60037911208391,0.21957416405200003
169900000000,28.538848449977316,0.44115621729524435,False,27.65689113433596,0.23018105699956856
170200000000,27.674964308810676,0.14241006030020506,False,27.663960236299836,0.22983614936142133
170400000000,28.297518851421938,0.2068705633641521,False,27.685456168901922,0.23491917304306578
170600000000,28.805480594759146,0.20025968818647044,False,27.727284228447232,0.240330464408405
170800000000,29.425577064373616,0.1939027733175891,True,27.797785008522766,0.2704863701983525
175600000000,29.803688688460923,-0.04268931742409092,True,27.864878778061385,0.29274763035019385
176200000000,28.15415399464356,-0.33580980432668406,False,27.916884294345806,0.3033463126618311
176300000000,27.87798400920007,-1.951679908448618,False,27.956977646055915,0.2665276872526827
176500000000,27.739240672922936,-0.9211798527346815,False,27.994877143283034,0.23846467024441678
176600000000,27.02603872614733,-1.6706186358221942,False,28.01063481783628,0.13174296324530801
176700000000,28.279709402531232,-1.353324113367691,False,28.046059535047256,0.03361329197823892
176900000000,28.333086261891538,-0.40704201976431875,False,28.078325797375136,0.02738402747432992
177000000000,27.628474142973168,0.6121594850014134,False,28.080271738563933,0.027167013639583164
177100000000,27.717148280136065,3.1976544467354273,False,28.071660431107567,0.09091144478542816
177200000000,28.214522508990665,9.987248532021624,False,28.07350536144294,0.2995952821024056
177600000000,27.63270740670168,-0.5360021256365588,True,28.067679048349138,0.2868667589557343
180400000000,28.76427197968238,0.09053464735633225,True,28.07715445928558,0.295684250746678
186600000000,29.71490102710229,0.10317024871501906,True,28.10856032739142,0.2948073860784822
188300000000,28.887692274968654,-0.0018494544621064206,True,28.14968912953761,0.295127999770445
189100000000,29.251808823574418,-0.28920189872535307,False,28.182704060177226,0.2852610500517726
191000000000,29.35435319684768,-0.11666642937760155,True,28.21004195966586,0.29155864051409286
198000000000,28.776222101107724,-0.024951362192173372,False,28.23487127753828,0.29160150257666134
198600000000,28.945055097087344,-0.15787872452042015,True,28.2769804892079,0.2959997409528523
201800000000,28.467392727180815,-0.06619343405446454,True,28.30291451208766,0.2970122869673204
203500000000,28.814143526704484,0.22755885677984994,True,28.314114530882907,0.28906036974572735
208900000000,28.97148745933856,-0.03139321265977215,False,28.33986997778958,0.29007292777489146
211000000000,28.827450087196258,-0.10051250393065879,False,28.350573697300828,0.3232151020622586
211100000000,29.10280407153396,-2.044247556675458,False,28.3710348731634,0.292611582257558
211300000000,28.16867423712313,-0.9542571283318857,False,28.373252197580854,0.2810500147393142
211700000000,28.48002195842878,-0.33373573699010173,False,28.386979394019747,0.2761020535642417
212100000000,28.37715121603,-0.09639630077453276,False,28.405027227811342,0.23583134532583802
212200000000,28.434028006744082,1.7248039317574282,False,28.39706496560568,0.1415426889781014
212500000000,29.530858041074787,2.1199898856880495,False,28.425955171857296,0.18519695066555125
213300000000,28.72334075031707,-0.2031183813130033,False,28.44620001169308,0.18011463141160267
213500000000,29.007078315774578,-0.9151047450755279,True,28.45820125883663,0.1590927286547057
215700000000,28.43797858606768,0.20026384487177104,True,28.47860967804843,0.159584720293637
239000000000,29.332766436489237,-0.008232116076784288,True,28.53293840739474,0.1577183019376481
243500000000,28.567345310300574,-0.011914034539751286,False,28.54472786046154,0.15418250704328776
244500000000,28.38818513516508,-0.2004157852784445,True,28.534207334853672,0.14777821572587094
245100000000,28.673451098848265,-0.15389932821451663,True,28.55758276167537,0.13541455830676302
249600000000,28.690321515386444,0.11138493006005727,True,28.575207281828835,0.13539319187956023
253000000000,28.31827463040252,-0.062045713639355175,False,28.573684712314275,0.1423247151071739
253100000000,28.811259218552415,-2.0422893954794574,False,28.573326831958376,0.10084692162041606
253300000000,28.429609078915703,-0.9322479300660369,False,28.57261150313328,0.07761046126998665
253400000000,28.046690106673772,1.0001661568657383,False,28.55316628815269,0.09613081962391469
253600000000,28.42005681792178,-0.7877373864811332,False,28.559712888494918,0.07941818955172168
253800000000,29.066906146446478,-0.4622646622747695,False,28.586470809587407,0.06599680122559316
254100000000,28.453808739313434,0.07569344006346532,False,28.579581877027458,0.06733474565092837
254200000000,28.73400368962861,3.6008106172312537,False,28.57685025598018,0.14077314755053766
254300000000,28.991632973278456,9.862593742569672,False,28.582203354902987,0.3376746613904523
255200000000,29.852929003426688,-0.25596034613122026,True,28.60848496597197,0.32373233012192304
265300000000,28.292612796997144,-0.013606863498383161,True,28.620837935735704,0.32061199164595133
267200000000,29.092935055092777,-0.11781327398523819,True,28.63674625980912,0.3141183148989635
270500000000,29.31074837915098,0.09868628122151747,True,28.646851615496953,0.3120868467596644
275200000000,29.892201244727072,-0.04816302466116122,True,28.656184099104024,0.30724553080008943
276400000000,29.369682201403673,0.046009026633961156,True,28.647503969362884,0.3090194976812504
278200000000,29.466115430420125,0.016796449334391086,True,28.673743198078412,0.3160716227544719
279700000000,29.54525580417648,-0.13955835362833588,True,28.707088633977943,0.3523140538508776
280100000000,29.608753932047637,-0.5348494558737205,False,28.744478899160434,0.3600406617880968
280200000000,29.15687201845589,-1.9999934980433665,False,28.787095565006606,0.35345316454367337
280300000000,28.55408120428762,-1.9363975806781042,False,28.79258300104173,0.3417916951974651
280500000000,28.617930403744122,-0.860661839655048,False,28.798279883878784,0.3327192987996505
280600000000,28.546095603285,-1.3308503009218242,False,28.81663231308502,0.2938591030811858
280800000000,29.37935722848643,-0.20457164201147293,False,28.84987649205203,0.2258145813062478
280900000000,28.35157140929857,1.5481121999468073,False,28.852617470058185,0.057031854664751434
281000000000,28.73942236583346,6.333730634094223,False,28.87475176924082,0.19442650985936707
282100000000,30.08918324212379,1.098662796941299,True,28.90124999448965,0.21458907285106643
283000000000,29.83944640495766,0.3395897732390591,True,28.903740902046756,0.21931746334154723
283200000000,30.315205262269817,-0.7395106904458437,True,28.932291161792783,0.20456423862187248
284500000000,30.00455740429179,-0.03916383587879798,False,28.947346133407127,0.2095649998788036
292600000000,29.436566347569947,0.008117119611310071,True,28.94899039642157,0.2120606708585818
294000000000,30.189250137264224,-0.17876681604793276,False,28.977250957144705,0.20898436178146665
296900000000,29.934179468856573,-0.06610106922633978,False,28.997033444580087,0.21081991488734822
297600000000,29.1417025899812,-0.2975217497373198,True,29.010519641836098,0.20619334857369115
297700000000,29.329607613544304,-1.811888015213512,False,29.02082892357289,0.16540441113382387
298000000000,28.62186713966251,-0.5884103827177138,False,29.01383651717937,0.15426406773266504
298500000000,28.440385229650687,-0.3430279484264602,False,29.00609522002846,0.14941375884274902
302300000000,29.05683034758676,-0.03026872034632863,True,29.00517574554952,0.18969333556933163
309700000000,29.183077763195655,-0.028836609875526546,False,29.025463816070964,0.20820174593845878
309800000000,29.235586622021483,-2.0185235126345447,False,29.04057510934282,0.17450599042556994
309900000000,28.06457883549301,-1.830095164749359,False,29.03432366173208,0.1398320131460734
310000000000,28.114221826507933,-1.7708570096104026,False,29.027927538127354,0.06991879431871681
310200000000,27.903904812152692,-0.7500906694586007,False,28.995388473548914,0.012517183215783793
310300000000,28.45613909473025,-0.844207184470811,False,28.99004444043718,-0.00030459284737236023
310700000000,28.783415386550413,0.14038788872792196,False,28.9855711818527,0.020805259828696635
310800000000,28.715425458550236,3.0635741374732106,False,28.99112011930235,0.07807146568072543
311000000000,28.385961497633236,4.993146757633724,False,28.97218402052523,0.1780990431549356
314000000000,28.359624736944767,-0.06771614433151403,True,28.968029609058114,0.17698300095910036
317000000000,30.21719456023989,0.3541817700213663,True,29.00460979755961,0.18807495206509656
318100000000,30.65906066182581,-0.19902686114099116,True,29.04432198881916,0.18717240140656707
325300000000,30.50840484478954,-0.03388603530612914,True,29.080683655407224,0.18426698209924336
329000000000,29.634297651779594,-0.057269629004082,True,29.107004115834762,0.18436250379194882
334300000000,30.04633773536314,0.09969767674821786,True,29.131705686170974,0.22720224523650231
335700000000,29.877068370905562,0.12194247007390199,True,29.160654872010774,0.24828605323930109
340200000000,29.802631114811167,-0.05537373631619778,True,29.19577369217352,0.22717525537566235
342400000000,30.025886175266844,-0.10564570795919759,True,29.227890279320423,0.2408170889461011
345100000000,29.381114723186204,-0.08692877908589006,False,29.234174450855217,0.24832380660987866
345200000000,29.104255813743155,-2.20040486276762,False,29.24718339234381,0.20280184055325695
345500000000,29.206681286898196,-0.654630208833235,False,29.256636944289202,0.11769302403196719
345800000000,28.74436220380965,-0.6335791816696457,False,29.251691528899826,-0.09223043445281917
346000000000,28.318450883887454,-0.7220733599924856,False,29.221001966509043,-0.10155269473004447
346200000000,29.22246803579401,-0.3286907580890741,False,29.239599071284978,-0.10785437262185829
346400000000,28.956914052185276,0.8266944699867018,False,29.23687865122683,-0.08896421774241949
346600000000,28.90475444662506,2.7784926849124325,False,29.228758772576313,-0.035368089668601194
356000000000,28.9574548251425,-0.02277170870155268,True,29.21006384418462,-0.03486026334940902
356300000000,29.361188290244893,-0.7335120078991508,True,29.20989396596144,-0.05045068404007126
361000000000,28.764011600113843,-0.04476982613361562,True,29.195851889355318,-0.05168200954943139
361200000000,28.88417851004339,3.79433354601165,True,29.182630343472656,0.02699582844336832
361500000000,29.001201932036192,-0.767512120821768,False,29.17047930347243,0.022342575144407364
363800000000,30.072403383238036,0.22176686387606284,True,29.18878993076807,0.06677778238279596
366300000000,30.539362358731967,0.4524909397055595,True,29.22849555385696,0.11455555279046922
371000000000,31.60890609675509,0.22035076962102518,True,29.288315067717175,0.1361758049759907
372900000000,32.20273391691539,-0.04162424620084356,True,29.361447833989786,0.16196032607041033
374400000000,31.72116330765319,-0.20253946825473435,False,29.40828395557312,0.1620009695455451
374500000000,31.178071661021196,-2.893629764738357,False,29.464813960607575,0.0731661302518418
374600000000,31.158885633887184,-2.67590954598365,False,29.51320322596865,-0.10702667334971569
374700000000,31.105068508531488,-2.3498595584732485,False,29.533520931296803,-0.1759971204580066
374800000000,29.900046334314432,-2.270864154154637,False,29.534732929883933,-0.22820619900588052
375000000000,31.4555538455454,-0.8161048585516184,False,29.557539901549447,-0.22973808236799603
375200000000,30.678350318250025,-0.17549758363927026,False,29.571015759828615,-0.23246475732320548
375300000000,31.59118985793949,2.5614719125046292,False,29.614108230036003,-0.1813976614653391
375400000000,31.88244150288858,9.526252756143947,False,29.64797205734849,0.01270272997849851
376300000000,32.4583061968117,-0.3204984083580816,False,29.698454591907595,0.00761478319586366
379100000000,32.63263549497647,0.3830728481807379,True,29.768273250007496,0.021226675154224814
379500000000,32.06822374069407,-0.6965978216916824,True,29.823045572550495,0.043532479024661404
380700000000,31.31871521385053,0.057311557721681325,False,29.876982534034255,0.05644691783344931
386400000000,31.254440684559118,-0.05344731598235154,False,29.933263643132424,0.06223853048233148
396000000000,32.17520328569397,-0.03103512738686883,True,29.99563110189457,0.06222320234152067
398000000000,31.582487219217704,-0.14546471487956225,False,30.043619291015013,0.05989064024143996
398100000000,30.85981159649951,-2.74250802349421,False,30.07610379050457,0.04541095002424665
398400000000,30.428385590473898,-0.8362953335821526,False,30.123379925604187,0.06528694664759077
398500000000,29.687207736715614,-2.0635281595147603,False,30.15483964380834,0.059433523649503626
398600000000,30.97844016424633,-1.9891187890720374,False,30.216330350850214,0.03465296125723489
398800000000,30.928410760204592,-0.5159372776502025,False,30.2657757841597,0.04121835939364706
399000000000,30.71522686977457,0.503710377229023,False,30.304412013824184,0.04848480916366908
399100000000,31.301707691201937,5.527600987395047,False,30.35613765847722,0.0977653461621058
401000000000,31.066580722392747,-0.13794860068649378,True,30.40975004297241,-0.0048565610042985465
404400000000,30.134892181616337,-0.01986148498233074,False,30.44525539186584,-0.0038994678173148805
405400000000,30.78666649573651,-0.2438112897670166,True,30.45664483057577,-0.01585932901308254
416600000000,29.15059485938539,-0.017816572136193684,False,30.42647551452696,-0.01223512323298659
416700000000,29.67519078339696,0.014753710393655695,False,30.40981123329911,-0.011262328318990893
417300000000,30.114182125367254,-0.3251382622176635,False,30.419408922770867,-0.016619700983262525
418100000000,30.713416396216292,-0.23687029712204932,False,30.432750495987925,-0.023351060460667865
418400000000,29.595246907330814,-0.6144310525339118,False,30.427114066716435,-0.03807853091282414
418500000000,31.431674922033437,12.758857618366335,True,30.459694942860878,0.21820609618082654
418900000000,30.009835861284166,-0.5573127641469,False,30.45937393658123,0.20917275505707247
419300000000,30.347210975111523,-0.5448289874889944,False,30.47869586161973,0.20001475088901038
425200000000,29.8298205689571,-0.03467516400432212,False,30.49320715672401,0.24332934486427635
427300000000,30.37768727850906,-0.11832032044488862,False,30.51662727655623,0.2540555426320433
431500000000,30.710533012266733,-0.034085556781203674,False,30.555950692725368,0.2660454151298121
433300000000,30.079467855931746,-0.10348222993515084,False,30.591171032166258,0.2784172377309588
436200000000,29.504662815035136,-0.08005165885042256,False,30.59681492775108,0.2833900197157318
436400000000,29.605259573517152,-1.1001686772960184,False,30.609781838177714,0.24485275677007742
436500000000,28.928757441896707,-2.0101736449474927,False,30.61026189808315,0.14907943017287892
436700000000,28.16786495957758,-0.8547731323894148,False,30.59447010077185,0.1324394016991217
437000000000,28.092866771704163,-0.35938488219463477,False,30.569103670401038,0.139921944213212
437300000000,28.492294254090915,-0.34449432359200693,False,30.563669323480575,0.13392745426404418
437500000000,29.193387674797307,0.10956698055366587,False,30.569853506775654,0.060232122954884504
437900000000,28.519065861074182,0.7222640581283812,False,30.56021078535641,0.09002764653388748
438000000000,29.76975402171064,9.884475884897341,False,30.554157798125868,0.28328182695431303
446000000000,29.942989620580153,-0.02352465253817293,False,30.54223034336283,0.27376151510943836
60000000000,13.363566169517629,0.0,True,13.363566169517629,0.0
60400000000,12.375335328850724,-4.368857150850352,True,12.869450749184177,-2.184428575425176
60800000000,12.68555775854584,0.36559671072282196,False,12.808153085638063,-1.3344201467091767
62100000000,13.912650704217818,1.1507808787274973,False,13.084277490283004,-0.7131198903500082
74400000000,11.40266609457735,-0.20280603145816975,True,12.747955211141873,-0.6110571185716405
78200000000,10.956851900821503,-0.04492860246687556,False,12.449437992755144,-0.5167023658875131
78500000000,10.71102383265459,-0.5233787356693103,False,12.201093112740779,-0.5176561329991983
78600000000,11.927476904964763,-1.349521966530487,False,12.166891086768777,-0.6216393621906093
78800000000,10.384177201869615,-0.4675496005549018,False,11.968811766224427,-0.6045182775644196
79000000000,11.340904055796614,0.014848482811027353,False,11.906020995181645,-0.542581601526875
79100000000,10.516308738263175,2.1175227078775816,False,11.779683517279965,-0.30075393703556075
79200000000,12.155719497212871,4.0,False,11.811019848941042,0.05764222438406933
83500000000,9.93213921188764,-0.5399197366123762,True,11.666490569167703,0.011675919692035058
84900000000,7.30051465368849,-1.57497077576007,True,11.354635146633473,-0.10165598712597244
89900000000,3.9014206501115547,-0.5099621081138458,True,10.857754180198677,-0.12887639519183067
92700000000,1.978477145772426,-0.860763443997278,True,10.302799365547038,-0.17461933574217112
98900000000,0.0,-0.3775223825148435,True,9.69675234404427,-0.1865548090817401
100600000000,0.3862327265213338,0.032544345414842975,True,9.179501254181885,-0.17438263383192992
105800000000,0.34687629860268115,-0.018948788784858114,False,8.714626256519821,-0.16620190514524194
110200000000,0.0,-0.4331150000706292,True,8.278894943693832,-0.1795475598915113
110400000000,0.0,-8.677624926317709,True,7.884661851136982,-0.5842179106737111
111400000000,0.0,-0.08918843008318333,False,7.526268130630755,-0.561716570646869
112100000000,0.0,0.1596554422075615,False,7.199039081472897,-0.5303525700879806
114100000000,0.0,-0.0472806207180696,False,6.899079119744859,-0.5102245721975677
116100000000,0.0,-0.0703048800804904,False,6.623115954955065,-0.49262778451288464
116200000000,0.0,-1.3138925161798198,False,6.368380725918332,-0.5242148895769975
116300000000,0.0,-1.1557523250161594,False,6.132514773106542,-0.5476051649636331
116400000000,0.0,-0.8657439199085104,False,5.913496388352736,-0.5589672633545216
116600000000,0.0,-0.11074863799120038,False,5.709582719788849,-0.5435114486868209
116800000000,0.0,0.48197099767861573,False,5.519263295795887,-0.5093287004746396
116900000000,0.0,3.6654667141332453,False,5.341222544318601,-0.37465788064857886
117200000000,0.0,3.5531594499857633,False,5.174309339808644,-0.25191358906625566
119000000000,0.0,-1.4336819185330205,True,5.01751208708717,-0.28772475056524854
120200000000,0.0,0.6230101767387483,True,4.8699382021728415,-0.26093842917395454
124900000000,0.0,0.010432889443177343,False,4.7307971106821896,-0.2531849629277507
125300000000,0.0,-6.704150007408676,True,4.599386079829906,-0.43237843638555423
126000000000,0.0,0.10042403169700367,True,4.4750783479426115,-0.41797836968062024
126500000000,0.0,-5.255099132862718,True,4.357313128259911,-0.545271021343307
127000000000,0.0,0.14701348212480525,True,4.245587150612221,-0.5275201366389964
137100000000,0.0,-0.2682020859036414,True,4.139447471846916,-0.5210371853706126
137400000000,0.0,0.20414558720827833,True,4.038485338387234,-0.5033498006735665
137800000000,0.0,-6.473189287404226,True,3.942330925568491,-0.6454888360719154
143300000000,0.0,-0.4064169798089988,True,3.8506488110203865,-0.6399290254611499
143600000000,0.0,-5.666859649949577,True,3.7631340653153775,-0.7541774487449778
144500000000,0.0,-1.7523110216680098,True,3.679508863863925,-0.7763581948099342
145900000000,0.0,0.6251547178595018,True,3.5995195407364484,-0.7458905227953813
148200000000,0.0,-0.0820211141179783,False,3.5229340185931197,-0.7317656417596918
148300000000,0.0,-1.7576212182989792,False,3.4495395598724294,-0.7531376329375936
148600000000,0.0,-0.5140715664404165,False,3.379140793344421,-0.7482587336213247
148900000000,0.0,-0.37617875241970467,False,3.3115579774775323,-0.7408171339972922
149100000000,0.0,-0.0863376782364611,False,3.0442866540871796,-0.7425438875620215
149200000000,0.0,1.917139111145616,False,2.7967799475101653,-0.6168239623221021
149300000000,0.0,4.0,False,2.5430687923392488,-0.5441358965365586
152400000000,0.0,-0.9408479802666414,True,2.264815778254892,-0.5859684737164413
153500000000,0.0,0.05099758138442211,False,2.0367624563633453,-0.5808924014595895
153900000000,0.0,0.13599039276932956,False,1.8176254183469152,-0.5772740215548654
154200000000,0.0,0.17566426292520515,False,1.6034049416938234,-0.563293161582975
154800000000,0.0,0.08508880172265995,False,1.3648554035945282,-0.5346009462179121
155100000000,0.0,0.16487571017826497,False,1.1571718595571356,-0.5219524400032488
155500000000,0.0,0.11979878059239724,True,0.9303537784412035,-0.5198534340476214
155600000000,0.0,0.46428354274084427,False,0.7200276036759399,-0.5529182173503562
156000000000,0.0,0.1124532514202059,False,0.47691321373168244,-0.6306691523219521
156300000000,0.0,-0.40862187502002695,False,0.2782704294939297,-0.6280431950901051
157800000000,0.0,0.031600278858434194,False,0.1322601364201599,-0.595911773997735
158000000000,0.0,0.2295750874554514,False,0.05423172341792882,-0.5811210300863491
158600000000,0.0,0.07414823916933008,False,0.014662180502480297,-0.5624227964230168
159500000000,0.0,0.04789411712851669,False,0.014662180502480297,-0.5539144664301497
159700000000,0.0,0.2088047540316751,False,0.006937525972053623,-0.550389258257813
164300000000,0.0,0.008796218796704907,False,0.0,-0.5498343581061818
167200000000,0.0,-1.066642166238145,True,0.0,-0.5625049014295321
169800000000,0.0,0.017518050573938328,False,0.0,-0.3886020418916991
169900000000,0.0,0.44115621729524435,False,0.0,-0.37799514894413055
170200000000,0.0,0.1424100603001932,False,0.0,-0.37834005658227793
170400000000,0.0,0.20687056336416987,False,0.0,-0.37325703290063317
170600000000,0.0,0.20025968818647044,False,0.0,-0.3678457415352939
170800000000,0.0,0.1939027733175891,True,0.0,-0.3376898357453457
175600000000,0.0,-0.6403397613613689,True,0.0,-0.32738158447224996
176200000000,0.0,-0.33580980432668406,False,0.0,-0.31678290216061344
176300000000,0.0,-1.9516799084485825,False,0.0,-0.35360152756976104
176500000000,0.0,-0.9211798527346815,False,0.0,-0.381664544578027
176600000000,0.0,-1.6706186358221942,False,0.0,-0.4883862515771358
176700000000,0.0,-1.353324113367691,False,0.0,-0.5865159228442048
176900000000,0.0,-0.40704201976431875,False,0.0,-0.5659831248688308
177000000000,0.0,0.6121594850014134,False,0.0,-0.5662001387035775
177100000000,0.0,3.1976544467354273,False,0.0,-0.5024557075577326
177200000000,0.0,4.0,False,0.0,-0.28837270740955906
177600000000,0.0,-8.040031884548355,True,0.0,-0.45118182573446625
180400000000,0.0,0.09053464735633351,True,0.0,-0.34426915013008524
186600000000,0.0,0.10317024871501906,True,0.0,-0.34514601479828094
188300000000,0.0,-0.02774181693157332,True,0.0,-0.3403368094188396
189100000000,0.0,-0.2892018987253575,False,0.0,-0.3502037591375122
191000000000,0.0,-1.7499964406640234,True,0.0,-0.2557399022027082
198000000000,0.0,-0.02495136219217236,False,0.0,-0.24811058985037168
198600000000,0.0,-2.368180867806373,True,0.0,-0.18213701420750764
201800000000,0.0,-0.9929015108169592,True,0.0,-0.16694882399048658
203500000000,0.0,0.22755885677984994,True,0.0,-0.17490074121207966
208900000000,0.0,-0.0313932126597728,False,0.0,-0.17388818318291552
211000000000,0.0,-0.1005125039306571,False,0.0,-0.14074600889554909
211100000000,0.0,-2.044247556675458,False,0.0,-0.17134952870024991
211300000000,0.0,-0.9542571283318679,False,0.0,-0.1829110962184932
211700000000,0.0,-0.3337357369901106,False,0.0,-0.18785905739356618
212100000000,0.0,-0.096396300774515,False,0.0,-0.2281297656319688
212200000000,0.0,1.7248039317573927,False,0.0,-0.27363368699682095
212500000000,0.0,2.119989885688038,False,0.0,-0.21241692967772735
213300000000,0.0,-0.20311838131299886,False,0.0,-0.2174992489316758
213500000000,0.0,-10.0,True,0.0,-0.4202190567870624
215700000000,0.0,0.20026384487177104,True,0.0,-0.41972706514813113
239000000000,0.0,-0.12348174115176251,True,0.0,-0.4238984760056195
243500000000,0.0,-0.011914034539750496,False,0.0,-0.4274342708999799
244500000000,0.0,-3.0062367791766818,True,0.0,-0.4899549820953614
245100000000,0.0,-2.308489923217749,True,0.0,-0.5454104514145333
249600000000,0.0,0.11138493006005806,True,0.0,-0.5454318178417362
253000000000,0.0,-0.062045713639355175,False,0.0,-0.5385002946141227
253100000000,0.0,-2.0422893954794574,False,0.0,-0.5799780881008806
253300000000,0.0,-0.9322479300660547,False,0.0,-0.6032145484513107
253400000000,0.0,1.0001661568657738,False,0.0,-0.5846941900973819
253600000000,0.0,-0.7877373864811688,False,0.0,-0.6014068201695756
253800000000,0.0,-0.4622646622747695,False,0.0,-0.6148282084957044
254100000000,0.0,0.07569344006346532,False,0.0,-0.6134902640703693
254200000000,0.0,3.600810617231218,False,0.0,-0.520141208400982
254300000000,0.0,4.0,False,0.0,-0.44049156941246076
255200000000,0.0,-3.8394051919682917,True,0.0,-0.5261027975977315
265300000000,0.0,-0.20410295247574953,True,0.0,-0.5330330578532503
267200000000,0.0,-1.7671991097785842,True,0.0,-0.5725144513161053
270500000000,0.0,0.09868628122151964,True,0.0,-0.5745459194554045
275200000000,0.0,-0.7224453699174116,True,0.0,-0.5928728823201045
276400000000,0.0,0.04600902663395819,True,0.0,-0.5791459065601979
278200000000,0.0,0.01679644933439306,True,0.0,-0.5720937814869764
279700000000,0.0,-2.093375304425033,True,0.0,-0.5749276894065054
280100000000,0.0,-0.5348494558737116,False,0.0,-0.567201081469286
280200000000,0.0,-1.9999934980432954,False,0.0,-0.573788578713708
280300000000,0.0,-1.9363975806780331,False,0.0,-0.5854500480599149
280500000000,0.0,-0.8606618396550658,False,0.0,-0.5945224444577298
280600000000,0.0,-1.3308503009217532,False,0.0,-0.6333826401761932
280800000000,0.0,-0.20457164201147293,False,0.0,-0.7014271619511311
280900000000,0.0,1.5481121999468428,False,0.0,-0.7504649179521943
281000000000,0.0,4.0,False,0.0,-0.5096642802612272
282100000000,0.0,1.098662796941299,True,0.0,-0.4895017172695279
283000000000,0.0,0.33958977323905515,True,0.0,-0.4847733267790472
283200000000,0.0,-10.0,True,0.0,-0.6842184904404156
284500000000,0.0,-0.03916383587880345,False,0.0,-0.6792177291834846
292600000000,0.0,0.008117119611310071,True,0.0,-0.644055457977978
294000000000,0.0,-0.17876681604793784,False,0.0,-0.6471317670550931
296900000000,0.0,-0.06610106922633856,False,0.0,-0.6010901710834926
297600000000,0.0,-4.462826246059787,True,0.0,-0.6704886657883492
297700000000,0.0,-1.811888015213583,False,0.0,-0.7112776032282179
298000000000,0.0,-0.588410382717702,False,0.0,-0.7224179466293763
298500000000,0.0,-0.3430279484264531,False,0.0,-0.7272682555192922
302300000000,0.0,-0.45403080519492944,True,0.0,-0.6954639204896818
309700000000,0.0,-0.028836609875526546,False,0.0,-0.6769555101205549
309800000000,0.0,-2.0185235126345447,False,0.0,-0.7106512656334436
309900000000,0.0,-1.8300951647493946,False,0.0,-0.7453252429129412
310000000000,0.0,-1.7708570096104381,False,0.0,-0.8152384617402979
310200000000,0.0,-0.7500906694586007,False,0.0,-0.8726400728432305
310300000000,0.0,-0.8442071844707755,False,0.0,-0.8854618489063861
310700000000,0.0,0.14038788872792196,False,0.0,-0.6826540911318277
310800000000,0.0,3.0635741374732106,False,0.0,-0.6253878852797989
311000000000,0.0,4.0,False,0.0,-0.5429182504567636
314000000000,0.0,-1.0157421649727165,True,0.0,-0.5629948130654229
317000000000,0.0,0.35418177002136514,True,0.0,-0.495786442081462
318100000000,0.0,-2.9854029171148704,True,0.0,-0.5093247019594044
325300000000,0.0,-0.5082905295919361,True,0.0,-0.5217182111524443
329000000000,0.0,-0.859044435061232,True,0.0,-0.5376581855808817
334300000000,0.0,0.09969767674821853,True,0.0,-0.4948184441363283
335700000000,0.0,0.12194247007390199,True,0.0,-0.4737346361335291
340200000000,0.0,-0.830606044742966,True,0.0,-0.5103500801657039
342400000000,0.0,-1.5846856193879753,True,0.0,-0.5262890448238401
345100000000,0.0,-0.08692877908588743,False,0.0,-0.5187823271600625
345200000000,0.0,-2.2004048627675843,False,0.0,-0.5643042932166835
345500000000,0.0,-0.654630208833235,False,0.0,-0.6494131097379726
345800000000,0.0,-0.6335791816696694,False,0.0,-0.742084693371366
346000000000,0.0,-0.72207335999245,False,0.0,-0.679738056731849
346200000000,0.0,-0.3286907580890386,False,0.0,-0.6822298128441149
346400000000,0.0,0.8266944699867196,False,0.0,-0.6303519412488088
346600000000,0.0,2.7784926849124503,False,0.0,-0.5767558131749901
356000000000,0.0,-0.3415756305232913,True,0.0,-0.5691384183871078
356300000000,0.0,-10.0,True,0.0,-0.7700585989197869
361000000000,0.0,-0.6715473920042373,True,0.0,-0.7838254757465595
361200000000,0.0,3.7943335460116856,True,0.0,-0.6660712987378251
361500000000,0.0,-0.767512120821768,False,0.0,-0.6707245520367863
363800000000,0.0,0.2217668638760613,True,0.0,-0.6262893447983992
366300000000,0.0,0.45249093970555804,True,0.0,-0.5785115743907273
371000000000,0.0,0.22035076962102368,True,0.0,-0.5568913222052055
372900000000,0.0,-0.6243636930126535,True,0.0,-0.5427615900470235
374400000000,0.0,-0.20253946825473199,False,0.0,-0.5427209465718887
374500000000,0.0,-2.8936297647383924,False,0.0,-0.6315557858655935
374600000000,0.0,-2.6759095459836146,False,0.0,-0.7650739767852657
374700000000,0.0,-2.349859558473213,False,0.0,-0.8340444238935559
374800000000,0.0,-2.270864154154566,False,0.0,-0.8862535024414284
375000000000,0.0,-0.8161048585515829,False,0.0,-0.7025755996124601
375200000000,0.0,-0.17549758363927026,False,0.0,-0.7053022745676694
375300000000,0.0,2.5614719125046292,False,0.0,-0.6542351787098029
375400000000,0.0,4.0,False,0.0,-0.5706598423888443
376300000000,0.0,-0.3204984083580737,False,0.0,-0.5757477891714788
379100000000,0.0,0.38307284818074044,True,0.0,-0.47882980728666835
379500000000,0.0,-10.0,True,0.0,-0.6425920469823967
380700000000,0.0,0.0573115577216754,False,0.0,-0.6296776081736091
386400000000,0.0,-0.05344731598235217,False,0.0,-0.6238859955247271
396000000000,0.0,-0.4655269108030321,True,0.0,-0.6241159176368892
398000000000,0.0,-0.1454647148795658,False,0.0,-0.6264484797369699
398100000000,0.0,-2.742508023494281,False,0.0,-0.6409281699541647
398400000000,0.0,-0.8362953335821526,False,0.0,-0.6210521733308199
398500000000,0.0,-2.0635281595147603,False,0.0,-0.6269055963289063
398600000000,0.0,-1.9891187890719664,False,0.0,-0.6516861587211735
398800000000,0.0,-0.515937277650238,False,0.0,-0.6451207605847629
399000000000,0.0,0.5037103772290408,False,0.0,-0.6378543108147405
399100000000,0.0,4.0,False,0.0,-0.6191257935642046
401000000000,0.0,-2.06922901029739,True,0.0,-0.7405103737701526
404400000000,0.0,-0.01986148498233283,False,0.0,-0.7205927601703448
405400000000,0.0,-3.6571693465052277,True,0.0,-0.8008197825008766
416600000000,0.0,-0.017816572136194,False,0.0,-0.7414680556013031
416700000000,0.0,0.014753710393620167,False,0.0,-0.7310071708015922
417300000000,0.0,-0.3251382622176635,False,0.0,-0.7203290473447207
418100000000,0.0,-0.23687029712204932,False,0.0,-0.727060406822126
418400000000,0.0,-0.6144310525338881,False,0.0,-0.7417878772742819
418500000000,0.0,4.0,True,0.0,-0.6451757563794225
418900000000,0.0,-0.5573127641469,False,0.0,-0.6246282992746011
419300000000,0.0,-0.5448289874890122,False,0.0,-0.6337863034426635
425200000000,0.0,-0.03467516400432152,False,0.0,-0.5904717094673982
427300000000,0.0,-0.11832032044489031,False,0.0,-0.5797455116996314
431500000000,0.0,-0.034085556781203674,False,0.0,-0.5677556392018621
433300000000,0.0,-0.1034822299351548,False,0.0,-0.5553838166007161
436200000000,0.0,-0.08005165885042378,False,0.0,-0.5504110346159439
436400000000,0.0,-1.100168677296054,False,0.0,-0.5889482975615994
436500000000,0.0,-2.010173644947457,False,0.0,-0.6847216241587976
436700000000,0.0,-0.854773132389397,False,0.0,-0.6949855741961195
437000000000,0.0,-0.35938488219462295,False,0.0,-0.502173271840012
437300000000,0.0,-0.34449432359200693,False,0.0,-0.4956322104717675
437500000000,0.0,0.10956698055366587,False,0.0,-0.5693275417809278
437900000000,0.0,0.7222640581283812,False,0.0,-0.5395320182019249
438000000000,0.0,4.0,False,0.0,-0.46396735547944606
446000000000,0.0,-0.02352465253817293,False,0.0,-0.4734876673243207
